Artist,Title,Min_070623,Median_070623,Higher_070623
a-ha,East Of The Sun West Of The Moon,5.11,11.75,26.57
a-ha,Hunting High And Low,1.08,10.32,15.49
a-ha,Scoundrel Days,3.57,5.11,20.66
a-ha,Stay On These Roads,3.03,7.08,15.16
Cariocas,Batida,6.58,10.11,30.32
Claudio Baglioni,Solo,2.07,9.81,29.94
Dire Straits,Making Movies,4.85,5.66,5.72
The Doors,The Doors (Music From The Original Motion Picture),5.04,16.55,36.56
Duran Duran,Notorious,2.02,6.97,24.26
Edoardo Bennato,Non Farti Cadere Le Braccia,2.35,6.97,22.73
Ella Fitzgerald With Orchestra*,The First Lady Of Jazz,6.56,6.56,6.56
Franco Cerri,Nuages,19.18,26.33,52.76
Frank Zappa,Orchestral Favorites,5.05,12.13,15.16
Genesis,Live,2.39,6.3,15.33
Gianna Nannini,Maschi E Altri,2.58,9.81,38.74
Graciela Guevara,Graciela Guevara,21.8,21.8,21.8
John Barry,Dances With Wolves (Original Motion Picture Soundtrack),4.1,13.14,35.38
The London Symphony Orchestra And Chambre Choir*,Tommy / As Performed By The London Symphony Orchestra And Chambre Choir With Guest Soloists,1.0,5.04,37.6
Los Cachaos,Samba Rumba Y Cha Cha Cha,10.9,10.9,10.9
Luca Barbarossa,Al Di Là Del Muro,0.89,1.98,9.88
Luigi Tenco,Agli Amici Cantautori,3.92,6.84,11.75
Madonna,Like A Prayer,3.42,5.8,23.15
Madonna,Like A Virgin,4.08,9.14,20.43
Madonna,The First Album,4.04,10.11,30.31
Madonna,True Blue,4.44,6.97,15.16
Michael Jackson,Bad,9.09,15.62,40.43
The Police,Every Breath You Take (The Singles),3.99,10.0,20.0
Riccardo Cocciante,I Momenti Dell'Amore,1.0,2.0,4.0
Rick Astley,Hold Me In Your Arms,2.55,4.52,10.22
Rondo' Veneziano*,Arabesque,3.37,8.17,15.33
Santana,Caravanserai,4.03,10.11,20.97
Santana,Caravanserai,2.26,5.95,13.04
Santo & Johnny,Il Padrino Famosi Temi Da Films,2.83,3.11,3.4
Santo & Johnny,Tenderly = Teneramente,2.35,4.4,9.79
The Shadows,20 Golden Greats,0.99,4.43,19.78
Various,Festivalbar '87,3.1,7.84,26.4
Various,Natale Con I Tuoi...,1.0,3.99,8.0
Various,Pretty Woman (Soundtrack),2.53,8.09,18.7
Various,Sanremo 86,2.04,5.62,20.43
Various,Vision Quest (Original Motion Picture Sound Track),1.97,5.16,25.82
Vasco Rossi,Albachiara,7.23,16.01,41.32
Culture Club,From Luxury To Heartache,1.02,2.32,5.73
Culture Club,Waking Up With The House On Fire,1.87,3.62,10.33
Jimi Hendrix,Blues,17.86,24.43,36.39
Mel Lewis,Live In Montreux,6.63,6.69,13.38
Premiata Forneria Marconi,Come Ti Va In Riva Alla Città,5.16,15.49,30.99
Spandau Ballet,Journeys To Glory = Viajes A La Gloria,2.02,4.53,10.43
Spandau Ballet,Through The Barricades,1.52,4.36,9.0
Spandau Ballet,True = Verdad,5.94,9.4,9.89
Status Quo,Blue For You,1.52,4.75,10.0
Status Quo,Just Supposin'...,2.01,4.3,7.98
Various,I Supergruppi Vol.1,1.92,7.19,11.87
Yes,Big Generator,2.47,7.42,12.81
Andrew Lloyd Webber,Cats,2.86,5.79,51.65
Bonnie Raitt,Nick Of Time,3.43,4.9,12.68
Bruce Springsteen,Tunnel Of Love,2.51,11.18,62.67
Dire Straits,Communiqué,1.01,7.83,20.22
Electric Light Orchestra,Discovery,2.04,5.62,10.22
Emmylou Harris And The Nash Ramblers,Ramble In Music City: The Lost Concert,8.58,18.58,70.5
Eurythmics,We Too Are One,2.96,5.06,12.26
Fausto Papetti,"39a Raccolta - ""Sax' Idea""",0.99,7.91,14.82
Joe Sample,Rainbow Seeker,3.8,8.39,23.74
Mike Oldfield,Earth Moving,2.58,5.16,10.33
Mike Oldfield,Five Miles Out,1.02,6.67,12.39
Mike Oldfield,Platinum,3.63,8.01,13.07
Mina (3),Cassiopea (Italian Songbook),10.34,27.05,37.6
New Trolls,Aldebaran,9.12,18.16,18.25
New Trolls,Senza Orario Senza Bandiera,5.05,10.11,20.2
New Trolls,UT,13.41,51.09,127.72
The Notting Hillbillies,Missing... Presumed Having A Good Time,2.04,7.21,15.33
Pat Metheny Group,Still Life (Talking),7.08,12.58,33.35
Pink Floyd,Masters Of Rock,5.04,11.09,20.22
Pink Floyd,"Soundtrack From The Film ""More""",7.83,19.58,78.33
Pink Floyd,The Wall,11.65,20.74,84.55
Pino Daniele,Terra Mia,20.66,45.97,72.3
Queen,The Game,10.0,17.99,45.69
Queen,The Miracle,10.17,19.62,35.76
Roxy Music,Flesh + Blood,1.94,4.9,19.36
Sarah Vaughan,Sarah Vaughan,0.93,3.75,9.39
The Shadows,20 Golden Greats = 20 Grandes Exitos,2.22,5.05,10.01
Spandau Ballet,Parade,1.92,4.03,12.13
Status Quo,Rockin' All Over The World,3.04,4.95,8.19
Supertramp,Crime Of The Century,5.01,7.91,20.43
Various,Fame - Bande Originale du Film,0.29,4.04,18.19
Yes,Going For The One,2.89,7.23,10.33
Yes,Relayer,5.11,9.14,15.33
The Alan Parsons Project,Ammonia Avenue,1.13,6.45,12.0
The Alan Parsons Project,Historias De Misterio E Imaginacion = Tales Of Mystery And Imagination,3.1,5.68,15.49
The Alan Parsons Project,Pyramid,1.03,3.38,14.27
Angelo Branduardi,Highdown Fair,3.03,10.11,12.13
The Beatles,Hey Jude,20.66,28.92,28.92
Billie Holiday,Lady In Satin,12.98,18.79,24.79
Bruce Springsteen,Western Stars,4.14,18.56,42.4
Charlie Parker,Jam Session,13.52,17.29,32.89
Claudio Baglioni,La Vita È Adesso,2.08,5.22,20.37
The Doors,13,10.37,21.61,30.89
The Doors,Weird Scenes Inside The Gold Mine,17.62,26.16,37.57
Edoardo Bennato,Burattino Senza Fili,2.03,15.33,45.97
"Emerson, Lake & Palmer",In Concert,1.91,5.0,10.85
Fernandez Pray Und Sein Orchester,Midnight In Rio,1.94,4.85,5.8
Fleetwood Mac,Mirage,3.09,6.09,10.33
Battiato*,L'Era Del Cinghiale Bianco,29.31,59.19,181.94
James Taylor (2),James Taylor's Greatest Hits,1.49,3.54,14.89
Joe Sample,David T. Walker - Swing Street Cafe,2.76,5.25,18.8
Marvin Gaye & Tammi Terrell,United,13.09,23.14,31.75
Mike Oldfield,Amarok,9.1,18.19,40.43
Mike Oldfield,QE2,1.45,4.6,10.0
Mike Oldfield,Tubular Bells II,6.21,13.21,40.86
Mungo Jerry,In The Summertime,0.5,1.75,4.0
Nina Simone,In Concert,12.42,16.15,27.74
Orchestra «Pro Arte» Di Monaco* / Kurt Redel,"Il Canone Di Pachelbel, Il Largo Di Handel, L'Aria Di Bach (E Altre Loro Celebri Composizioni)",5.6,6.43,7.27
Pink Floyd,Animals,7.15,22.98,45.98
Pink Floyd,The Dark Side Of The Moon,9.6,25.26,54.58
The Police,Ghost In The Machine,2.93,8.08,15.16
Procol Harum,Exotic Birds And Fruit,2.43,4.13,10.28
Queen,News Of The World,3.58,20.56,28.61
Queen,Queen,21.36,22.13,22.9
Rick Wakeman,1984,3.0,5.0,10.5
Roxy Music,Avalon,4.09,9.49,25.54
Thelonious Monk & Art Blakey,Blue Monk,9.69,13.95,24.25
The Crusaders With B. B. King* And The Royal Philharmonic Orchestra,"Royal Jam (Recorded Live At The Royal Festival Hall, London)",1.0,5.5,8.0
The Dave Brubeck Quartet,Time Out,13.15,17.57,19.63
Dire Straits & Mark Knopfler,Private Investigations (The Best Of),19.65,28.5,38.53
Electric Light Orchestra,Eldorado - A Symphony By The Electric Light Orchestra,5.88,9.79,16.65
The Gerry Mulligan Quartet* With Chet Baker,Soft Shoe,13.08,18.05,18.65
Mike Oldfield,Tubular Bells,3.03,8.03,15.16
New Trolls,Concerto Grosso N° 2,9.89,18.8,59.37
Pink Floyd,Delicate Sound Of Thunder,46.48,58.54,91.93
Premiata Forneria Marconi,L'Isola Di Niente,8.25,31.33,83.56
Premiata Forneria Marconi,Live In U.S.A.,12.0,18.0,28.2
Premiata Forneria Marconi,Per Un Amico,15.16,44.98,151.61
Premiata Forneria Marconi,Photos Of Ghosts,4.8,7.43,47.95
Queen,A Night At The Opera,6.71,15.68,26.91
