Artist,Title,Min,Median,Higher,Min_290523,Median_290523,Higher_290523,Min_070623,Median_070623,Higher_070623,Min_120623,Median_120623,Higher_120623,Min_190623,Median_190623,Higher_190623
a-ha,East Of The Sun West Of The Moon,5.05,11.62,26.28,5.05,11.62,26.28,5.11,11.75,26.57,5.05,11.62,26.28,4.95,11.38,25.72
a-ha,Hunting High And Low,1.07,10.21,15.33,1.07,10.21,15.33,1.08,10.32,15.49,1.07,10.21,15.33,1.05,10.0,15.0
a-ha,Scoundrel Days,3.5300000000000002,5.05,20.44,3.5300000000000002,5.05,20.44,3.5700000000000003,5.11,20.66,3.5300000000000002,5.05,20.44,3.46,4.94,20.0
a-ha,Stay On These Roads,3.0,7.0,15.0,3.0,7.0,15.0,3.03,7.08,15.16,3.0,7.0,15.0,2.94,6.85,14.68
The Alan Parsons Project,Ammonia Avenue,1.12,6.38,11.87,1.12,6.38,11.87,1.13,6.45,12.0,1.12,6.38,11.87,1.1,6.24,11.62
The Alan Parsons Project,Historias De Misterio E Imaginacion = Tales Of Mystery And Imagination,3.07,5.62,15.33,3.07,5.62,15.33,3.1,5.68,15.49,3.07,5.62,15.33,3.0,5.5,15.0
The Alan Parsons Project,Pyramid,1.02,3.35,14.11,1.02,3.35,14.11,1.03,3.38,14.27,1.02,3.35,14.11,1.0,3.2800000000000002,13.81
Andrew Lloyd Webber,Cats,2.83,5.73,51.1,2.83,5.73,51.1,2.86,5.79,51.65,2.83,5.73,51.1,2.76,5.6,50.0
Angelo Branduardi,Highdown Fair,3.0,10.0,12.0,3.0,10.0,12.0,3.03,10.11,12.13,3.0,10.0,12.0,2.94,9.78,11.74
The Beatles,Hey Jude,20.44,28.62,28.62,20.44,28.62,28.62,20.66,28.92,28.92,20.44,28.62,28.62,20.0,28.0,28.0
Billie Holiday,Lady In Satin,12.84,17.65,22.83,12.84,17.65,22.83,12.98,18.79,24.79,12.84,18.59,24.52,12.56,18.19,24.0
Bonnie Raitt,Nick Of Time,3.39,4.84,12.55,3.39,4.84,12.55,3.43,4.9,12.68,3.39,4.84,12.55,3.32,4.74,12.28
Bruce Springsteen,Tunnel Of Love,2.48,11.06,62.0,2.48,11.06,62.0,2.51,11.18,62.67,2.48,11.06,62.0,2.43,10.82,60.67
Bruce Springsteen,Western Stars,4.1,18.36,41.95,4.1,18.36,41.95,4.14,18.56,42.4,4.16,18.59,41.95,4.07,18.19,41.05
Cariocas,Batida,6.13,10.22,30.66,6.13,10.22,30.66,6.58,10.11,30.32,6.51,10.0,30.0,6.37,9.78,29.35
Claudio Baglioni,La Vita È Adesso,2.06,5.17,20.15,2.06,5.17,20.15,2.08,5.22,20.37,2.06,5.17,20.15,1.9500000000000002,5.16,17.61
Claudio Baglioni,Solo,2.04,9.71,29.62,2.04,9.71,29.62,2.07,9.81,29.94,2.04,9.71,29.62,2.0,9.5,28.98
The Crusaders With B. B. King* And The Royal Philharmonic Orchestra,"Royal Jam (Recorded Live At The Royal Festival Hall, London)",0.99,5.44,7.91,0.99,5.44,7.91,1.0,5.5,8.0,0.99,5.44,7.91,0.97,5.32,7.74
Culture Club,Waking Up With The House On Fire,1.85,3.58,10.22,1.85,3.58,10.22,1.87,3.62,10.33,1.85,3.58,10.22,1.81,3.5,10.0
Dire Straits,Communiqué,1.01,7.83,20.22,1.01,7.83,20.22,1.01,7.83,20.22,1.0,7.75,20.0,0.98,7.58,19.57
Dire Straits,Making Movies,4.79,5.6,5.66,4.79,5.6,5.66,4.85,5.66,5.72,4.79,5.6,5.66,4.95,5.76,5.84
Dire Straits & Mark Knopfler,Private Investigations (The Best Of),19.44,28.2,38.12,19.44,28.2,38.12,19.65,28.5,38.53,19.03,28.2,38.12,19.23,27.71,37.3
The Doors,13,10.26,21.38,30.56,10.26,21.38,30.56,10.37,21.61,30.89,10.26,21.38,30.56,10.04,20.92,29.9
The Doors,The Doors (Music From The Original Motion Picture),4.99,16.37,36.17,4.99,16.37,36.17,5.04,16.55,36.56,4.99,16.37,39.99,4.88,16.02,39.13
The Doors,Weird Scenes Inside The Gold Mine,17.44,25.88,37.17,17.44,25.88,37.17,17.62,26.16,37.57,17.44,25.88,37.17,17.06,25.32,36.37
Duran Duran,Notorious,2.04,7.15,24.53,2.04,7.15,24.53,2.02,6.97,24.26,2.0,6.9,24.0,1.96,6.75,23.48
Edoardo Bennato,Burattino Senza Fili,2.01,15.16,45.48,2.01,15.16,45.48,2.03,15.33,45.97,1.99,15.0,44.99,1.9500000000000002,14.68,44.02
Edoardo Bennato,Non Farti Cadere Le Braccia,2.33,6.89,22.48,2.33,6.89,22.48,2.35,6.97,22.73,3.0,7.25,22.0,2.94,7.09,21.53
Electric Light Orchestra,Discovery,2.02,5.5600000000000005,10.11,2.02,5.5600000000000005,10.11,2.04,5.62,10.22,2.02,5.5600000000000005,10.11,1.98,5.44,9.89
Electric Light Orchestra,Eldorado - A Symphony By The Electric Light Orchestra,5.8100000000000005,9.68,16.47,5.8100000000000005,9.68,16.47,5.88,9.79,16.65,5.8100000000000005,9.68,16.47,5.69,9.47,16.11
Ella Fitzgerald With Orchestra*,The First Lady Of Jazz,6.49,6.49,6.49,6.49,6.49,6.49,6.5600000000000005,6.5600000000000005,6.5600000000000005,6.49,6.49,6.49,6.35,6.35,6.35
"Emerson, Lake & Palmer",In Concert,1.8900000000000001,4.94,10.73,1.8900000000000001,4.94,10.73,1.9100000000000001,5.0,10.85,1.8900000000000001,4.95,10.73,1.85,4.84,10.5
Emmylou Harris And The Nash Ramblers,Ramble In Music City: The Lost Concert,8.49,18.39,69.75,8.49,18.39,69.75,8.58,18.58,70.5,8.49,18.39,69.75,8.31,17.99,68.25
Fausto Papetti,"39a Raccolta - ""Sax' Idea""",0.98,7.82,14.66,0.98,7.82,14.66,0.99,7.91,14.82,0.98,7.82,14.66,0.96,7.65,14.35
Fernandez Pray Und Sein Orchester,Midnight In Rio,1.92,4.79,5.74,1.92,4.79,5.74,1.94,4.85,5.8,1.92,4.79,5.74,1.88,4.69,5.62
Fleetwood Mac,Mirage,3.06,6.03,10.22,3.06,6.03,10.22,3.09,6.09,10.33,2.99,5.95,12.08,2.93,5.82,11.82
Battiato*,L'Era Del Cinghiale Bianco,29.0,58.56,180.0,29.0,58.56,180.0,29.31,59.19,181.94,29.0,58.56,180.0,28.38,57.3,176.13
Franco Cerri,Nuages,18.98,26.05,52.19,18.98,26.05,52.19,19.18,26.33,52.76,18.98,26.05,52.19,18.57,25.49,51.07
Frank Zappa,Orchestral Favorites,4.65,11.62,13.95,4.65,11.62,13.95,5.05,12.13,15.16,5.0,12.0,15.0,4.89,11.74,14.68
Genesis,Live,2.37,6.24,15.16,2.37,6.24,15.16,2.39,6.3,15.33,2.34,5.67,15.0,2.29,5.55,14.68
Gianna Nannini,Maschi E Altri,2.55,9.7,38.32,2.55,9.7,38.32,2.58,9.81,38.74,2.55,9.7,38.32,2.5,9.49,37.5
Graciela Guevara,Graciela Guevara,21.57,21.57,21.57,21.57,21.57,21.57,21.8,21.8,21.8,21.57,21.57,21.57,21.1,21.1,21.1
James Taylor (2),James Taylor's Greatest Hits,1.47,3.5,14.73,1.47,3.5,14.73,1.49,3.54,14.89,1.47,3.5,14.73,1.44,3.42,14.42
Jimi Hendrix,Blues,17.67,24.17,36.79,17.67,24.17,36.79,17.86,24.43,36.39,17.67,24.17,36.0,17.29,23.65,35.61
Joe Sample,Rainbow Seeker,3.76,8.3,23.48,3.76,8.3,23.48,3.8,8.39,23.74,3.76,8.3,23.48,3.68,8.12,22.98
Joe Sample,David T. Walker - Swing Street Cafe,2.73,5.2,18.6,2.73,5.2,18.6,2.76,5.25,18.8,2.73,5.2,18.6,2.68,5.09,18.2
John Barry,Dances With Wolves (Original Motion Picture Soundtrack),4.06,13.53,35.77,4.06,13.53,35.77,4.1,13.14,35.38,4.06,13.0,35.0,3.9699999999999998,12.72,34.25
The London Symphony Orchestra And Chambre Choir*,Tommy / As Performed By The London Symphony Orchestra And Chambre Choir With Guest Soloists,1.0,5.04,37.2,1.0,5.04,37.2,1.0,5.04,37.6,0.99,4.99,37.2,0.97,4.88,36.4
Los Cachaos,Samba Rumba Y Cha Cha Cha,10.78,10.78,10.78,10.78,10.78,10.78,10.9,10.9,10.9,10.78,10.78,10.78,10.55,10.55,10.55
Luca Barbarossa,Al Di Là Del Muro,0.88,1.96,9.78,0.88,1.96,9.78,0.89,1.98,9.88,0.88,1.96,9.78,0.86,1.92,9.57
Luigi Tenco,Agli Amici Cantautori,3.87,6.77,11.62,3.87,6.77,11.62,3.92,6.84,11.75,3.87,6.77,11.62,3.79,6.63,11.38
Madonna,Like A Prayer,3.39,5.74,22.91,3.39,5.74,22.91,3.42,5.8,23.15,3.39,5.74,22.91,3.31,5.62,22.41
Madonna,Like A Virgin,4.03,9.05,20.22,4.03,9.05,20.22,4.08,9.14,20.43,4.03,9.05,20.22,3.95,8.85,19.78
Madonna,The First Album,4.0,10.0,29.99,4.0,10.0,29.99,4.04,10.11,30.31,4.0,10.0,29.99,3.91,9.78,29.35
Madonna,True Blue,4.54,7.23,15.5,4.54,7.23,15.5,4.44,6.97,15.16,4.39,6.9,15.0,3.91,6.11,14.68
Marvin Gaye & Tammi Terrell,United,12.95,22.89,31.41,12.95,22.89,31.41,13.09,23.14,31.75,12.95,22.89,31.41,12.67,22.4,30.74
Mel Lewis,Live In Montreux,6.5600000000000005,6.62,13.23,6.5600000000000005,6.62,13.23,6.63,6.69,13.38,6.5600000000000005,6.62,13.23,6.42,6.47,12.95
Michael Jackson,Bad,8.99,15.45,40.0,8.99,15.45,40.0,9.09,15.62,40.43,0.9500000000000001,15.45,40.0,0.93,15.12,39.14
Mike Oldfield,Amarok,9.1,16.89,40.43,9.1,16.89,40.43,9.1,18.19,40.43,8.9,17.8,39.57,7.91,16.46,39.57
Mike Oldfield,Earth Moving,2.55,5.11,10.22,2.55,5.11,10.22,2.58,5.16,10.33,2.55,5.11,10.22,2.5,5.0,10.0
Mike Oldfield,Five Miles Out,1.01,6.6,12.25,1.01,6.6,12.25,1.02,6.67,12.39,1.01,6.6,12.25,0.99,6.46,11.99
Mike Oldfield,Platinum,3.59,7.93,12.93,3.59,7.93,12.93,3.63,8.01,13.07,3.59,7.93,12.93,3.51,7.76,12.66
Mike Oldfield,QE2,1.45,4.65,10.22,1.45,4.65,10.22,1.45,4.6,10.0,1.44,4.55,9.89,1.4,4.45,9.68
Mike Oldfield,Tubular Bells,3.0,7.94,15.0,3.0,7.94,15.0,3.03,8.03,15.16,3.0,7.94,15.0,2.94,7.77,14.68
Mike Oldfield,Tubular Bells II,6.15,13.07,40.42,6.15,13.07,40.42,6.21,13.21,40.86,6.15,13.07,40.42,6.01,12.79,39.56
Mina (3),Cassiopea (Italian Songbook),10.23,26.76,37.2,10.23,26.76,37.2,10.34,27.05,37.6,10.23,26.76,37.2,10.01,26.19,36.4
Mungo Jerry,In The Summertime,0.49,1.73,3.96,0.49,1.73,3.96,0.5,1.75,4.0,0.49,1.73,3.96,0.49,1.71,3.91
New Trolls,Aldebaran,9.02,17.97,18.06,9.02,17.97,18.06,9.12,18.16,18.25,9.02,17.97,18.06,8.83,17.58,17.67
New Trolls,Concerto Grosso N° 2,9.79,18.6,58.74,9.79,18.6,58.74,9.89,18.8,59.37,9.79,18.6,58.74,9.58,18.2,57.47
New Trolls,Senza Orario Senza Bandiera,5.0,10.0,19.99,5.0,10.0,19.99,5.05,10.11,20.2,5.0,10.0,19.99,4.89,9.78,19.56
New Trolls,UT,13.26,50.54,126.36,13.26,50.54,126.36,13.41,51.09,127.72,13.26,50.54,126.36,12.98,49.46,123.64
The Notting Hillbillies,Missing... Presumed Having A Good Time,2.02,7.14,15.16,2.02,7.14,15.16,2.04,7.21,15.33,2.02,7.14,15.16,1.98,6.98,14.84
Orchestra «Pro Arte» Di Monaco* / Kurt Redel,"Il Canone Di Pachelbel, Il Largo Di Handel, L'Aria Di Bach (E Altre Loro Celebri Composizioni)",5.54,6.37,7.2,5.54,6.37,7.2,5.6,6.43,7.27,5.54,6.37,7.2,5.42,6.23,7.04
Pat Metheny Group,Still Life (Talking),7.0,12.45,33.0,7.0,12.45,33.0,7.08,12.58,33.35,7.0,12.45,33.0,6.85,12.18,32.29
Pink Floyd,Animals,7.08,22.74,45.49,7.08,22.74,45.49,7.15,22.98,45.98,6.93,20.78,44.52,6.78,20.33,43.56
Pink Floyd,Delicate Sound Of Thunder,45.99,57.92,90.96,45.99,57.92,90.96,46.48,58.54,91.93,45.0,56.93,89.0,44.51,55.84,88.03
Pink Floyd,"Soundtrack From The Film ""More""",7.75,19.38,77.5,7.75,19.38,77.5,7.83,19.58,78.33,7.75,19.38,77.5,7.58,18.96,75.83
Pink Floyd,The Dark Side Of The Moon,9.5,24.99,54.0,9.5,24.99,54.0,9.6,25.26,54.58,9.5,24.99,54.0,9.3,24.45,52.84
Pino Daniele,Terra Mia,20.44,45.48,71.53,20.44,45.48,71.53,20.66,45.97,72.3,20.44,45.48,71.53,20.0,44.5,69.99
The Police,Every Breath You Take (The Singles),3.95,9.89,19.79,3.95,9.89,19.79,3.99,10.0,20.0,3.95,9.89,19.79,3.86,9.68,19.36
The Police,Ghost In The Machine,2.87,7.91,14.84,2.87,7.91,14.84,2.93,8.08,15.16,2.9,7.99,15.0,2.84,7.82,14.68
Premiata Forneria Marconi,Come Ti Va In Riva Alla Città,5.11,15.32,30.66,5.11,15.32,30.66,5.16,15.49,30.99,5.11,15.32,30.66,5.0,14.99,30.0
Premiata Forneria Marconi,L'Isola Di Niente,8.16,31.0,82.67,8.16,31.0,82.67,8.25,31.33,83.56,8.16,31.0,82.67,7.99,30.33,80.89
Premiata Forneria Marconi,Live In U.S.A.,11.87,17.81,27.9,11.87,17.81,27.9,12.0,18.0,28.2,11.87,17.81,27.9,11.62,17.43,27.3
Premiata Forneria Marconi,Per Un Amico,15.0,44.5,150.0,15.0,44.5,150.0,15.16,44.98,151.61,15.0,44.5,150.0,14.68,49.32,146.77
Premiata Forneria Marconi,Photos Of Ghosts,4.74,7.35,47.44,4.74,7.35,47.44,4.8,7.43,47.95,4.74,7.35,47.44,4.64,7.2,46.42
Procol Harum,Exotic Birds And Fruit,2.4,4.09,10.17,2.4,4.09,10.17,2.43,4.13,10.28,2.4,4.09,10.17,2.35,4.0,9.95
Queen,A Night At The Opera,6.64,15.51,26.62,6.64,15.51,26.62,6.71,15.68,26.91,6.64,15.51,26.62,6.5,15.18,26.05
Queen,News Of The World,3.54,20.34,28.3,3.54,20.34,28.3,3.58,20.56,28.61,3.54,20.34,28.3,3.46,19.9,27.7
Queen,Queen,21.14,21.9,22.65,21.14,21.9,22.65,21.36,22.13,22.9,21.14,21.9,22.65,20.68,21.42,22.17
Queen,The Game,10.11,18.19,46.19,10.11,18.19,46.19,10.0,17.99,45.69,9.89,17.8,45.2,9.68,17.42,44.23
Queen,The Miracle,10.06,19.41,35.38,10.06,19.41,35.38,10.17,19.62,35.76,10.06,19.41,35.38,9.84,18.99,34.62
Riccardo Cocciante,I Momenti Dell'Amore,0.99,1.98,3.96,0.99,1.98,3.96,1.0,2.0,4.0,1.0,2.0,4.0,0.98,1.96,3.91
Rick Astley,Hold Me In Your Arms,2.5300000000000002,4.47,10.11,2.5300000000000002,4.47,10.11,2.55,4.52,10.22,2.5300000000000002,4.47,10.11,2.47,4.38,9.89
Rick Wakeman,1984,2.9699999999999998,4.94,10.39,2.9699999999999998,4.94,10.39,3.0,5.0,10.5,2.9699999999999998,4.94,10.39,2.9,4.84,10.16
Rondo' Veneziano*,Arabesque,3.34,8.09,15.16,3.34,8.09,15.16,3.37,8.17,15.33,3.34,8.09,15.16,3.26,7.41,14.84
Roxy Music,Avalon,4.04,9.39,25.27,4.04,9.39,25.27,4.09,9.49,25.54,4.04,9.39,25.27,3.96,9.18,24.73
Santana,Caravanserai,3.99,10.0,20.75,3.99,10.0,20.75,4.03,10.11,20.97,3.99,10.0,20.75,3.9,9.78,20.3
Santana,Caravanserai,3.99,10.0,20.75,3.99,10.0,20.75,4.03,10.11,20.97,3.99,10.0,20.75,2.19,5.76,12.62
Santana,Caravanserai,3.99,10.0,20.75,3.99,10.0,20.75,4.03,10.11,20.97,2.24,5.88,12.9,3.9,9.78,20.3
Santana,Caravanserai,3.99,10.0,20.75,3.99,10.0,20.75,4.03,10.11,20.97,2.24,5.88,12.9,2.19,5.76,12.62
Santana,Caravanserai,3.99,10.0,20.75,3.99,10.0,20.75,2.26,5.95,13.04,3.99,10.0,20.75,3.9,9.78,20.3
Santana,Caravanserai,3.99,10.0,20.75,3.99,10.0,20.75,2.26,5.95,13.04,3.99,10.0,20.75,2.19,5.76,12.62
Santana,Caravanserai,3.99,10.0,20.75,3.99,10.0,20.75,2.26,5.95,13.04,2.24,5.88,12.9,3.9,9.78,20.3
Santana,Caravanserai,3.99,10.0,20.75,3.99,10.0,20.75,2.26,5.95,13.04,2.24,5.88,12.9,2.19,5.76,12.62
Santana,Caravanserai,3.99,10.0,20.75,2.24,5.88,12.9,4.03,10.11,20.97,3.99,10.0,20.75,3.9,9.78,20.3
Santana,Caravanserai,3.99,10.0,20.75,2.24,5.88,12.9,4.03,10.11,20.97,3.99,10.0,20.75,2.19,5.76,12.62
Santana,Caravanserai,3.99,10.0,20.75,2.24,5.88,12.9,4.03,10.11,20.97,2.24,5.88,12.9,3.9,9.78,20.3
Santana,Caravanserai,3.99,10.0,20.75,2.24,5.88,12.9,4.03,10.11,20.97,2.24,5.88,12.9,2.19,5.76,12.62
Santana,Caravanserai,3.99,10.0,20.75,2.24,5.88,12.9,2.26,5.95,13.04,3.99,10.0,20.75,3.9,9.78,20.3
Santana,Caravanserai,3.99,10.0,20.75,2.24,5.88,12.9,2.26,5.95,13.04,3.99,10.0,20.75,2.19,5.76,12.62
Santana,Caravanserai,3.99,10.0,20.75,2.24,5.88,12.9,2.26,5.95,13.04,2.24,5.88,12.9,3.9,9.78,20.3
Santana,Caravanserai,3.99,10.0,20.75,2.24,5.88,12.9,2.26,5.95,13.04,2.24,5.88,12.9,2.19,5.76,12.62
Santana,Caravanserai,2.24,5.88,12.9,3.99,10.0,20.75,4.03,10.11,20.97,3.99,10.0,20.75,3.9,9.78,20.3
Santana,Caravanserai,2.24,5.88,12.9,3.99,10.0,20.75,4.03,10.11,20.97,3.99,10.0,20.75,2.19,5.76,12.62
Santana,Caravanserai,2.24,5.88,12.9,3.99,10.0,20.75,4.03,10.11,20.97,2.24,5.88,12.9,3.9,9.78,20.3
Santana,Caravanserai,2.24,5.88,12.9,3.99,10.0,20.75,4.03,10.11,20.97,2.24,5.88,12.9,2.19,5.76,12.62
Santana,Caravanserai,2.24,5.88,12.9,3.99,10.0,20.75,2.26,5.95,13.04,3.99,10.0,20.75,3.9,9.78,20.3
Santana,Caravanserai,2.24,5.88,12.9,3.99,10.0,20.75,2.26,5.95,13.04,3.99,10.0,20.75,2.19,5.76,12.62
Santana,Caravanserai,2.24,5.88,12.9,3.99,10.0,20.75,2.26,5.95,13.04,2.24,5.88,12.9,3.9,9.78,20.3
Santana,Caravanserai,2.24,5.88,12.9,3.99,10.0,20.75,2.26,5.95,13.04,2.24,5.88,12.9,2.19,5.76,12.62
Santana,Caravanserai,2.24,5.88,12.9,2.24,5.88,12.9,4.03,10.11,20.97,3.99,10.0,20.75,3.9,9.78,20.3
Santana,Caravanserai,2.24,5.88,12.9,2.24,5.88,12.9,4.03,10.11,20.97,3.99,10.0,20.75,2.19,5.76,12.62
Santana,Caravanserai,2.24,5.88,12.9,2.24,5.88,12.9,4.03,10.11,20.97,2.24,5.88,12.9,3.9,9.78,20.3
Santana,Caravanserai,2.24,5.88,12.9,2.24,5.88,12.9,4.03,10.11,20.97,2.24,5.88,12.9,2.19,5.76,12.62
Santana,Caravanserai,2.24,5.88,12.9,2.24,5.88,12.9,2.26,5.95,13.04,3.99,10.0,20.75,3.9,9.78,20.3
Santana,Caravanserai,2.24,5.88,12.9,2.24,5.88,12.9,2.26,5.95,13.04,3.99,10.0,20.75,2.19,5.76,12.62
Santana,Caravanserai,2.24,5.88,12.9,2.24,5.88,12.9,2.26,5.95,13.04,2.24,5.88,12.9,3.9,9.78,20.3
Santana,Caravanserai,2.24,5.88,12.9,2.24,5.88,12.9,2.26,5.95,13.04,2.24,5.88,12.9,2.19,5.76,12.62
Santo & Johnny,Il Padrino Famosi Temi Da Films,2.8,3.08,3.36,2.8,3.08,3.36,2.83,3.11,3.4,2.8,3.08,3.36,2.74,3.02,3.29
Santo & Johnny,Tenderly = Teneramente,2.33,4.35,9.69,2.33,4.35,9.69,2.35,4.4,9.79,2.33,4.35,9.69,2.27,4.26,9.48
Sarah Vaughan,Sarah Vaughan,0.92,3.71,9.29,0.92,3.71,9.29,0.93,3.75,9.39,0.92,3.71,9.29,0.9,2.94,9.09
The Shadows,20 Golden Greats,0.98,4.39,19.57,0.98,4.39,19.57,0.99,4.43,19.78,0.98,4.39,19.57,0.96,4.29,19.15
The Shadows,20 Golden Greats = 20 Grandes Exitos,2.2,5.0,9.9,2.2,5.0,9.9,2.22,5.05,10.01,1.0,5.0,9.9,0.98,4.89,9.69
Spandau Ballet,Parade,1.9,3.99,12.0,1.9,3.99,12.0,1.92,4.03,12.13,1.9,3.99,12.0,1.8599999999999999,3.9,11.74
Spandau Ballet,Through The Barricades,1.52,4.14,9.0,1.52,4.14,9.0,1.52,4.36,9.0,1.5,4.31,8.9,1.47,4.39,8.71
Spandau Ballet,True = Verdad,5.87,9.3,9.79,5.87,9.3,9.79,5.94,9.4,9.89,5.87,9.3,9.79,5.75,9.1,9.58
Status Quo,Blue For You,1.5,4.7,9.9,1.5,4.7,9.9,1.52,4.75,10.0,1.5,4.7,9.9,1.47,4.6,9.68
Status Quo,Just Supposin'...,1.99,4.25,7.9,1.99,4.25,7.9,2.01,4.3,7.98,1.99,4.25,7.9,1.9500000000000002,3.91,7.73
Status Quo,Rockin' All Over The World,3.01,4.9,8.1,3.01,4.9,8.1,3.04,4.95,8.19,3.01,4.9,8.1,2.95,4.79,7.93
Supertramp,Crime Of The Century,4.95,7.83,20.22,4.95,7.83,20.22,5.01,7.91,20.43,4.95,7.83,20.22,4.85,7.66,19.78
Thelonious Monk & Art Blakey,Blue Monk,9.59,13.81,23.99,9.59,13.81,23.99,9.69,13.95,24.25,9.59,13.81,23.99,9.38,13.51,23.48
Various,Fame - Bande Originale du Film,0.29,4.13,18.6,0.29,4.13,18.6,0.29,4.04,18.19,0.29,4.0,18.0,0.28,3.91,17.61
Various,Festivalbar '87,3.07,7.76,26.12,3.07,7.76,26.12,3.1,7.84,26.4,3.07,7.76,26.12,3.0,7.59,25.56
Various,I Supergruppi Vol.1,1.9,7.11,11.75,1.9,7.11,11.75,1.92,7.19,11.87,1.9,7.11,11.75,1.8599999999999999,6.96,11.5
Various,Natale Con I Tuoi...,0.99,3.95,7.91,0.99,3.95,7.91,1.0,3.99,8.0,1.0,3.99,8.0,0.98,3.9,7.83
Various,Pretty Woman (Soundtrack),2.5,8.0,18.5,2.5,8.0,18.5,2.5300000000000002,8.09,18.7,2.5,8.0,18.5,2.45,7.83,18.1
Various,Sanremo 86,2.02,5.5600000000000005,20.22,2.02,5.5600000000000005,20.22,2.04,5.62,20.43,2.02,5.5600000000000005,20.22,1.98,5.44,19.78
Various,Vision Quest (Original Motion Picture Sound Track),1.9500000000000002,5.11,25.55,1.9500000000000002,5.11,25.55,1.97,5.16,25.82,1.9500000000000002,5.11,25.55,1.9100000000000001,5.0,25.0
Vasco Rossi,Albachiara,7.15,15.84,40.88,7.15,15.84,40.88,7.23,16.01,41.32,7.15,15.84,40.88,7.0,15.5,40.0
Yes,Big Generator,2.45,7.34,12.68,2.45,7.34,12.68,2.47,7.42,12.81,2.45,7.34,12.68,2.39,7.18,12.4
Yes,Going For The One,2.86,7.15,10.22,2.86,7.15,10.22,2.89,7.23,10.33,2.86,7.15,10.22,2.8,7.0,10.0
Yes,Relayer,5.05,9.05,15.16,5.05,9.05,15.16,5.11,9.14,15.33,5.05,9.05,15.16,4.95,8.85,14.84
